id_cliente,nome_cliente,data_cadastro
CLI-0001,Incorporadora Serra Azul,2025-05-10
CLI-0002,Empreendimentos Sol Nascente,2024-02-15
CLI-0003,Engenharia Nobre,2024-12-27
CLI-0004,Construtora Primavera,2023-10-17
CLI-0005,Engenharia Itapuã,2024-06-04
CLI-0006,Construtora Horizonte,2026-09-02
CLI-0007,Incorporadora Imperial,2024-05-04
CLI-0008,Empreendimentos Monte Alto,2026-04-29
CLI-0009,Incorporadora Paraíso,2023-09-18
CLI-0010,Empreendimentos Jacarandá,2025-05-14
CLI-0011,Empreendimentos Aurora,2023-10-03
CLI-0012,Habitacional Boreal,2026-01-27
CLI-0013,Habitacional Lumina,2023-11-30
CLI-0014,Engenharia Jacarandá,2026-03-28
CLI-0015,Engenharia Sol Nascente,2025-05-05
CLI-0016,Incorporadora Cristal,2023-11-12
CLI-0017,Incorporadora Alvorada,2025-08-26
CLI-0018,Empreendimentos Cristal,2025-12-19
CLI-0019,Engenharia Paraíso,2025-05-20
CLI-0020,Habitacional Nobre,2024-01-02
CLI-0021,Habitacional Orion,2024-06-02
CLI-0022,Engenharia Solaris,2024-09-28
CLI-0023,Construtora Serra Azul,2025-08-16
CLI-0024,Incorporadora Horizonte,2023-10-01
CLI-0025,Construtora Atlântica,2023-08-04
CLI-0026,Empreendimentos Imperial,2024-05-07
CLI-0027,Habitacional Ouro Branco,2024-06-03
CLI-0028,Construtora Orion,2024-04-07
CLI-0029,Empreendimentos Nobre,2024-02-22
CLI-0030,Incorporadora Cedro,2023-08-09
CLI-0031,Empreendimentos Alvorada,2024-08-06
CLI-0032,Construtora Imperial,2023-10-07
CLI-0033,Construtora Delta,2025-03-30
CLI-0034,Construtora Boreal,2024-02-11
CLI-0035,Incorporadora Lumina,2025-01-13
CLI-0036,Incorporadora Delta,2025-03-06
CLI-0037,Incorporadora Itapuã,2023-12-31
CLI-0038,Engenharia Bandeirante,2025-02-15
CLI-0039,Engenharia Pioneira,2024-04-01
CLI-0040,Habitacional Cristal,2024-10-14
