id_contrato,id_obra,data_inicio,data_fim_prevista_inicial,data_fim_atual,data_retirada,motivo_encerramento,valor_mensal
CTR-0001,OBR-0075,2023-10-08,2024-10-02,2024-12-31,2024-12-02,concluido,5899.99
CTR-0002,OBR-0048,2023-10-10,2024-10-04,2025-04-02,2025-04-01,concluido,654.69
CTR-0003,OBR-0006,2023-10-12,2024-04-09,2024-07-08,2024-06-30,concluido,1006.87
CTR-0004,OBR-0074,2023-10-15,2024-10-09,2024-10-09,2024-09-05,concluido,1475.99
CTR-0005,OBR-0007,2023-10-29,2024-04-26,2024-06-25,2024-06-13,concluido,1871.91
CTR-0006,OBR-0006,2023-10-30,2024-10-24,2025-02-21,2025-02-20,concluido,1370.64
CTR-0007,OBR-0007,2023-11-06,2024-10-31,2024-10-31,2024-10-23,concluido,2138.91
CTR-0008,OBR-0048,2023-11-06,2024-10-31,2025-08-27,2025-07-31,concluido,1308.32
CTR-0009,OBR-0055,2023-11-11,2025-02-03,2025-02-03,2025-01-02,concluido,7163.11
CTR-0010,OBR-0085,2023-11-27,2025-02-19,2025-02-19,2024-09-16,cancelado_cliente,758.22
CTR-0011,OBR-0023,2023-12-12,2024-12-06,2024-12-06,2024-11-26,concluido,3652.44
CTR-0012,OBR-0089,2023-12-19,2025-03-13,2025-03-13,2024-03-30,rescindido,11764.04
CTR-0013,OBR-0085,2023-12-29,2024-12-23,2025-05-22,2025-05-17,concluido,1790.49
CTR-0014,OBR-0040,2024-01-06,2024-10-02,2025-04-30,2025-04-29,concluido,8922.71
CTR-0015,OBR-0002,2024-01-22,2024-10-18,2025-03-17,2025-03-14,concluido,7131.68
CTR-0016,OBR-0086,2024-02-09,2026-01-29,2026-11-25,,,10560.42
CTR-0017,OBR-0063,2024-02-18,2025-02-12,2025-02-12,2024-12-22,concluido,1071.92
CTR-0018,OBR-0010,2024-02-23,2025-02-17,2025-12-14,2025-11-22,concluido,1351.67
CTR-0019,OBR-0085,2024-02-26,2025-02-20,2025-02-20,2024-05-15,cancelado_cliente,662.54
CTR-0020,OBR-0094,2024-03-04,2025-02-27,2025-04-28,2025-04-27,concluido,2726.34
CTR-0021,OBR-0092,2024-03-13,2025-03-08,2025-03-08,2025-01-20,concluido,2095.75
CTR-0022,OBR-0004,2024-03-21,2025-06-14,2025-06-14,2024-11-04,cancelado_cliente,1676.55
CTR-0023,OBR-0078,2024-04-09,2026-03-30,2026-03-30,2026-02-27,concluido,701.84
CTR-0024,OBR-0019,2024-04-21,2025-01-16,2025-01-16,2024-12-15,concluido,2011.65
CTR-0025,OBR-0078,2024-05-04,2025-01-29,2025-04-29,2025-03-31,concluido,764.58
CTR-0026,OBR-0078,2024-05-07,2024-11-03,2024-12-03,2024-11-25,concluido,5735.07
CTR-0027,OBR-0025,2024-05-10,2024-11-06,2025-02-04,2025-01-18,concluido,4119.98
CTR-0028,OBR-0016,2024-05-26,2025-02-20,2025-08-19,2025-08-16,concluido,5586.77
CTR-0029,OBR-0066,2024-06-16,2025-06-11,2025-06-11,2025-05-18,concluido,4236.07
CTR-0030,OBR-0051,2024-06-20,2025-06-15,2025-06-15,2025-06-10,concluido,1662.28
CTR-0031,OBR-0094,2024-06-22,2025-06-17,2026-03-14,2026-02-26,concluido,5396.61
CTR-0032,OBR-0033,2024-06-25,2025-06-20,2025-06-20,2025-05-18,concluido,555.16
CTR-0033,OBR-0067,2024-06-26,2025-09-19,2025-12-18,2025-11-20,concluido,1682.38
CTR-0034,OBR-0051,2024-07-08,2025-04-04,2025-04-04,2025-03-11,concluido,1229.73
CTR-0035,OBR-0010,2024-07-11,2025-10-04,2026-08-30,2026-08-30,concluido,1404.36
CTR-0036,OBR-0096,2024-07-24,2025-07-19,2026-05-15,2026-04-21,concluido,1089.42
CTR-0037,OBR-0096,2024-07-24,2025-07-19,2026-01-15,2026-01-13,concluido,1158.47
CTR-0038,OBR-0010,2024-07-30,2025-07-25,2025-07-25,2025-01-19,cancelado_cliente,1825.83
CTR-0039,OBR-0087,2024-08-15,2025-08-10,2026-02-06,2026-01-19,concluido,3614.62
CTR-0040,OBR-0087,2024-08-24,2026-02-15,2026-08-14,2026-07-19,concluido,2236.07
CTR-0041,OBR-0021,2024-08-27,2025-08-22,2026-03-20,2026-02-22,concluido,1544.87
CTR-0042,OBR-0049,2024-09-01,2025-08-27,2025-08-27,2025-08-15,concluido,1064.76
CTR-0043,OBR-0029,2024-09-15,2025-09-10,2026-04-08,2026-04-05,concluido,4585.09
CTR-0044,OBR-0051,2024-09-16,2025-09-11,2026-04-09,2026-03-27,concluido,2035.46
CTR-0045,OBR-0021,2024-09-20,2025-12-14,2026-10-10,,,4258.96
CTR-0046,OBR-0065,2024-09-20,2026-09-10,2026-09-10,2025-09-27,rescindido,342.83
CTR-0047,OBR-0014,2024-09-27,2025-03-26,2025-03-26,2024-12-07,cancelado_cliente,3552.97
CTR-0048,OBR-0082,2024-09-30,2026-09-20,2026-10-20,,,1079.57
CTR-0049,OBR-0082,2024-10-02,2025-09-27,2026-06-24,2026-06-16,concluido,1879.57
CTR-0050,OBR-0073,2024-10-08,2025-07-05,2026-01-31,2026-01-07,concluido,1111.14
CTR-0051,OBR-0033,2024-10-09,2025-10-04,2025-10-04,2025-07-09,cancelado_cliente,1132.09
CTR-0052,OBR-0073,2024-10-14,2025-10-09,2025-12-08,2025-11-22,concluido,5118.32
CTR-0053,OBR-0020,2024-11-22,2025-11-17,2026-04-16,2026-04-03,concluido,3582.84
CTR-0054,OBR-0083,2024-11-29,2025-11-24,2026-04-23,2026-04-02,concluido,6600.06
CTR-0055,OBR-0091,2024-12-08,2026-11-28,2026-11-28,2026-09-26,concluido,4646.53
CTR-0056,OBR-0079,2024-12-12,2025-06-10,2025-10-08,2025-10-01,concluido,2436.36
CTR-0057,OBR-0049,2024-12-31,2025-09-27,2026-05-25,2026-04-30,concluido,1350.13
CTR-0058,OBR-0033,2025-02-16,2025-08-15,2025-10-14,2025-09-15,concluido,1259.39
CTR-0059,OBR-0065,2025-02-20,2027-02-10,2027-02-10,,,1332.75
CTR-0060,OBR-0015,2025-03-01,2026-02-24,2026-02-24,2026-02-14,concluido,7113.33
CTR-0061,OBR-0096,2025-03-03,2026-02-26,2026-09-24,2026-09-24,concluido,1548.21
CTR-0062,OBR-0027,2025-03-06,2027-02-24,2027-02-24,,,16107.81
CTR-0063,OBR-0054,2025-03-22,2026-09-13,2026-09-13,2026-07-25,concluido,1796.66
CTR-0064,OBR-0060,2025-03-22,2025-09-18,2026-01-16,2026-01-08,concluido,5308.65
CTR-0065,OBR-0011,2025-03-24,2025-12-19,2026-07-17,2026-07-14,concluido,2381.51
CTR-0066,OBR-0100,2025-04-08,2026-01-03,2026-07-02,2026-06-14,concluido,4071.76
CTR-0067,OBR-0047,2025-04-22,2026-04-17,2026-04-17,2026-04-13,concluido,10272.76
CTR-0068,OBR-0099,2025-04-22,2026-01-17,2026-03-18,2026-03-01,concluido,3809.85
CTR-0069,OBR-0068,2025-04-26,2026-04-21,2026-04-21,2026-04-15,concluido,2912.49
CTR-0070,OBR-0054,2025-04-28,2025-10-25,2026-03-24,2026-03-01,concluido,2096.95
CTR-0071,OBR-0082,2025-05-12,2025-11-08,2025-11-08,2025-09-27,cancelado_cliente,1676.79
CTR-0072,OBR-0058,2025-05-20,2026-02-14,2026-04-15,2026-04-11,concluido,3123.68
CTR-0073,OBR-0046,2025-05-24,2026-05-19,2026-05-19,2026-04-12,concluido,3664.13
CTR-0074,OBR-0017,2025-05-29,2025-11-25,2026-02-23,2026-02-01,concluido,1087.77
CTR-0075,OBR-0038,2025-05-30,2026-02-24,2026-06-24,2026-05-27,concluido,4568.11
CTR-0076,OBR-0034,2025-05-31,2026-05-26,2026-09-23,2026-09-20,concluido,3793.27
CTR-0077,OBR-0044,2025-06-11,2026-09-04,2027-01-02,,,981.24
CTR-0078,OBR-0053,2025-06-16,2026-06-11,2026-06-11,2026-06-06,concluido,2012.86
CTR-0079,OBR-0020,2025-06-20,2026-06-15,2026-10-13,2026-09-21,concluido,5725.07
CTR-0080,OBR-0044,2025-07-05,2026-01-01,2026-03-02,2026-02-04,concluido,2108.13
CTR-0081,OBR-0026,2025-07-15,2026-01-11,2026-01-11,2025-12-22,concluido,1958.60
CTR-0082,OBR-0058,2025-08-02,2026-04-29,2026-04-29,2026-03-31,concluido,2733.05
CTR-0083,OBR-0022,2025-08-08,2026-11-01,2026-11-01,,,829.02
CTR-0084,OBR-0059,2025-08-10,2026-08-05,2026-11-03,,,7148.01
CTR-0085,OBR-0042,2025-08-12,2026-08-07,2026-11-05,,,910.43
CTR-0086,OBR-0042,2025-08-17,2026-11-10,2026-11-10,,,1716.60
CTR-0087,OBR-0022,2025-08-23,2026-11-16,2026-11-16,2026-02-15,rescindido,3092.73
CTR-0088,OBR-0090,2025-09-11,2026-09-06,2026-11-05,,,4206.26
CTR-0089,OBR-0028,2025-09-12,2026-06-09,2026-06-09,2026-06-02,concluido,4085.85
CTR-0090,OBR-0030,2025-09-14,2026-12-08,2026-12-08,,,6056.66
CTR-0091,OBR-0053,2025-09-15,2026-09-10,2026-09-10,2026-09-08,concluido,3873.25
CTR-0092,OBR-0009,2025-09-20,2026-06-17,2026-11-14,,,4036.71
CTR-0093,OBR-0042,2025-10-01,2027-09-21,2027-09-21,,,1391.22
CTR-0094,OBR-0072,2025-10-01,2026-09-26,2026-10-26,,,2844.67
CTR-0095,OBR-0054,2025-10-02,2026-12-26,2026-12-26,,,734.11
CTR-0096,OBR-0032,2025-10-07,2026-04-05,2026-04-05,2026-03-31,concluido,3092.50
CTR-0097,OBR-0013,2025-10-13,2026-07-10,2026-11-07,,,714.73
CTR-0098,OBR-0031,2025-10-13,2027-04-06,2027-04-06,2026-03-02,cancelado_cliente,5114.79
CTR-0099,OBR-0098,2025-10-25,2027-01-18,2027-01-18,,,7564.57
CTR-0100,OBR-0072,2025-10-30,2027-04-23,2027-04-23,,,2169.01
CTR-0101,OBR-0081,2025-11-05,2027-01-29,2027-01-29,,,1046.30
CTR-0102,OBR-0072,2025-11-27,2027-02-20,2027-02-20,2026-04-07,rescindido,288.24
CTR-0103,OBR-0017,2025-11-28,2026-11-23,2026-11-23,,,782.04
CTR-0104,OBR-0056,2025-11-29,2026-08-26,2026-08-26,2026-07-31,concluido,4783.70
CTR-0105,OBR-0035,2025-12-31,2027-12-21,2027-12-21,,,1332.77
CTR-0106,OBR-0035,2026-01-01,2027-03-27,2027-03-27,,,1865.44
CTR-0107,OBR-0093,2026-01-08,2027-01-03,2027-01-03,,,1509.19
CTR-0108,OBR-0098,2026-01-12,2026-10-09,2026-10-09,,,6419.81
CTR-0109,OBR-0041,2026-01-24,2027-01-19,2027-01-19,,,6532.87
CTR-0110,OBR-0026,2026-02-03,2027-04-29,2027-04-29,,,525.60
CTR-0111,OBR-0093,2026-02-05,2028-01-26,2028-01-26,,,441.68
CTR-0112,OBR-0013,2026-02-06,2027-07-31,2027-07-31,,,1766.78
CTR-0113,OBR-0070,2026-02-11,2027-02-06,2027-02-06,,,4740.33
CTR-0114,OBR-0041,2026-02-21,2026-11-18,2026-11-18,,,4554.38
CTR-0115,OBR-0081,2026-03-03,2026-11-28,2026-11-28,,,723.05
CTR-0116,OBR-0003,2026-03-07,2027-05-31,2027-05-31,,,420.45
CTR-0117,OBR-0018,2026-03-09,2027-03-04,2027-03-04,,,1532.38
CTR-0118,OBR-0080,2026-03-16,2027-06-09,2027-06-09,,,3207.25
CTR-0119,OBR-0018,2026-03-19,2027-06-12,2027-06-12,,,579.67
CTR-0120,OBR-0024,2026-03-21,2027-09-12,2027-09-12,,,5045.40
CTR-0121,OBR-0045,2026-04-18,2027-10-10,2027-10-10,,,12797.44
CTR-0122,OBR-0013,2026-04-25,2027-04-20,2027-04-20,,,420.96
CTR-0123,OBR-0008,2026-04-26,2027-04-21,2027-04-21,,,472.54
CTR-0124,OBR-0095,2026-05-08,2027-05-03,2027-05-03,,,3602.40
CTR-0125,OBR-0037,2026-06-02,2027-05-28,2027-05-28,,,7888.71
CTR-0126,OBR-0088,2026-06-07,2026-12-04,2026-12-04,,,4936.90
CTR-0127,OBR-0050,2026-06-16,2027-09-09,2027-09-09,,,7735.87
CTR-0128,OBR-0052,2026-06-17,2027-06-12,2027-06-12,,,7547.26
CTR-0129,OBR-0008,2026-06-22,2027-06-17,2027-06-17,,,371.29
CTR-0130,OBR-0036,2026-06-26,2027-06-21,2027-06-21,,,467.72
CTR-0131,OBR-0043,2026-07-09,2027-01-05,2027-01-05,,,7083.61
CTR-0132,OBR-0001,2026-07-11,2027-04-07,2027-04-07,,,2028.05
CTR-0133,OBR-0069,2026-07-11,2027-04-07,2027-04-07,,,4665.87
CTR-0134,OBR-0062,2026-07-16,2027-07-11,2027-07-11,,,5502.66
CTR-0135,OBR-0064,2026-08-01,2027-04-28,2027-04-28,,,4123.80
CTR-0136,OBR-0003,2026-08-08,2028-01-30,2028-01-30,,,909.20
CTR-0137,OBR-0012,2026-08-09,2027-11-02,2027-11-02,,,2398.52
CTR-0138,OBR-0097,2026-08-11,2027-11-04,2027-11-04,,,1071.62
CTR-0139,OBR-0071,2026-08-17,2028-08-06,2028-08-06,,,4499.87
CTR-0140,OBR-0005,2026-08-23,2027-02-19,2027-02-19,,,7561.89
CTR-0141,OBR-0097,2026-08-25,2028-08-14,2028-08-14,,,1374.53
CTR-0142,OBR-0061,2026-08-29,2027-08-24,2027-08-24,,,8248.64
CTR-0143,OBR-0076,2026-09-01,2027-02-28,2027-02-28,,,3401.53
CTR-0144,OBR-0057,2026-09-06,2028-08-26,2028-08-26,,,3579.59
CTR-0145,OBR-0084,2026-09-12,2027-09-07,2027-09-07,,,549.82
CTR-0146,OBR-0039,2026-09-15,2027-03-14,2027-03-14,,,1439.08
CTR-0147,OBR-0039,2026-09-16,2027-09-11,2027-09-11,,,2079.74
CTR-0148,OBR-0001,2026-09-30,2027-09-25,2027-09-25,,,2012.87
CTR-0149,OBR-0008,2026-09-30,2027-09-25,2027-09-25,,,1838.33
CTR-0150,OBR-0036,2026-09-30,2027-09-25,2027-09-25,,,2926.96
CTR-0151,OBR-0076,2026-09-30,2027-06-27,2027-06-27,,,3143.61
CTR-0152,OBR-0077,2026-09-30,2027-09-25,2027-09-25,,,824.22
CTR-0153,OBR-0077,2026-09-30,2027-06-27,2027-06-27,,,508.58
CTR-0154,OBR-0077,2026-09-30,2027-06-27,2027-06-27,,,1166.20
CTR-0155,OBR-0084,2026-09-30,2027-09-25,2027-09-25,,,917.17
CTR-0156,OBR-0084,2026-09-30,2028-03-23,2028-03-23,,,563.93
CTR-0157,OBR-0097,2026-09-30,2027-03-29,2027-03-29,,,5020.49
